{"ai_paddle": 55, "ball": [46, 108], "ball_speed": [6.599999999999998, 1.3000000000000003]}