{"player_paddle": 140, "ai_paddle": 320, "ball": [174, 168], "ball_speed": [-6.6000000000000005, -4.619999999999999], "ball_missed": false}