{"player_paddle": 170, "ai_paddle": 0, "ball": [433, 202], "ball_speed": [-6.6000000000000005, 0.33000000000000007], "ball_missed": false}