{"ai_paddle": 50, "ball": [462, 162], "ball_speed": [-8.499999999999998, -5.699999999999999]}