{"player_paddle": 320, "ai_paddle": 320, "ball": [66, 177], "ball_speed": [-7.986000000000002, -4.455000000000001], "ball_missed": false}