{"player_paddle": 130, "ai_paddle": 300, "ball": [213, 244], "ball_speed": [-5.324000000000002, -3.3000000000000003], "ball_missed": false}