{"ai_paddle": 0, "ball": [221, -16], "ball_speed": [8.599999999999998, 7.699999999999999]}